{"cameraMode":{"drawMode":0,"name":"Shaded","section":"Shading Mode"},"sceneLighting":true,"audioPlay":false,"sceneViewState":{"showFog":true,"showMaterialUpdate":false,"showSkybox":true,"showFlares":true,"showImageEffects":true,"showParticleSystems":true},"in2DMode":false,"pivot":{"x":0.6962910890579224,"y":-0.08083343505859375,"z":-5.0612030029296879},"rotation":{"x":-0.20980502665042878,"y":0.06213395297527313,"z":-0.0133610675111413,"w":-0.9756776094436646},"size":8.26563835144043,"orthographic":false}